INSERT INTO `quiz_migrations` (`id`, `migration`, `batch`) VALUES
(1, '2012_10_21_153804_classes', 1),
(2, '2014_10_12_000000_create_users_table', 1),
(3, '2014_10_12_100000_create_password_resets_table', 1),
(4, '2019_08_19_000000_create_failed_jobs_table', 1),
(5, '2019_10_21_182440_create_admin_table', 1),
(6, '2019_10_22_074758_create_subjects_table', 1),
(7, '2019_10_22_140537_create_exams_table', 1),
(8, '2019_10_23_090527_create_questions_table', 1),
(9, '2019_10_23_091107_create_options_table', 1),
(10, '2019_10_23_091512_create_scores_table', 1),
(11, '2019_10_23_092025_edit_students_table', 1),
(12, '2019_10_24_055220_edit_users_table', 1),
(13, '2019_11_14_170720_edit_scores_table', 1),
(14, '2020_07_19_232003_create_roles_table', 1),
(15, '2020_07_19_233937_edit_admins_table', 1),
(16, '2020_08_21_180347_create_admin_subject_table', 1),
(17, '2020_08_26_121256_create_class_subject_table', 1),
(18, '2020_08_26_200859_create_adminsubject_class_table', 1);

INSERT INTO `quiz_roles` (`id`, `role`, `created_at`, `updated_at`) VALUES
('1', 'superadmin', NULL, NULL),
('2', 'admin', NULL, NULL);

INSERT INTO `quiz_admins` (`id`, `username`, `password`, `created_at`, `updated_at`, `role_id`) VALUES
('a1cc3f60-4490-44d6-9c10-3ee9bbbc8e75', 'taleb.dahan@feqra.com', '$2y$10$pp.GHqnYbr9kMJv.nSOmxe38CAxcY5SBYcGy0auY.VNy/1pLWWmHm', NULL, NULL, '1'),
('c9fcbd2b-a0a4-4721-aaae-ea908992e40b', 'christoph.drescher@trimetis.com', '$2y$10$K94/Iji0JFotpWqYRxtUAOIkxVHXRGxSRuFQ38rWYg1zjdG2ra9KW', NULL, NULL, '1'),
('d34778d8-8293-487d-87e4-6d1dcbad9b6b', 'Examiner2', '$2y$10$EN/nEmECFvATORXl2qp4ReS9itImQ01Ig8RtLxy6zPRejnSKZy3ha', '2021-02-20 16:55:13', '2021-02-20 16:55:13', '2'),
('f6fd71da-84d2-4dc7-b280-0342dfb09088', 'Examiner1', '$2y$10$XWLJXmHkF5ma6Q7Np8pLEOC9JYDQCy38FbQUKcHQUYQ8ghsTuzwiO', '2021-03-10 05:40:23', '2021-03-10 05:40:23', '2');

INSERT INTO `quiz_classes` (`id`, `display_order`, `class`) VALUES
('3f33c978-da37-4671-a3c8-229ca20515d6', 51, 'HR'),
('cd1691b1-a5c7-4fb3-953d-cc69d42a039f', 52, 'Cryptography'),
('1587cd47-c3d8-4a68-baed-110d91af8696', 53, 'SAAS-B'),
('a9aefa6f-676e-458a-84e7-9a80f1c7f98d', 54, 'SAAS-F'),
('2b197733-876d-4a00-9fba-ada8a986a610', 55, 'QA-Hacking'),
('810ec191-3aff-4340-b236-7e6c22015da4', 56, 'QA-Testing'),
('f747353d-5060-47c6-bd38-5e7f4c63f181', 57, 'Marketing'),
('f747353d-5060-47c6-bd38-5e7f4c63f182', 58, 'Developer');

INSERT INTO `quiz_subjects` (`id`, `alias`, `subject_name`, `created_at`, `updated_at`) VALUES
('00576857-89bf-4347-a472-57e2fbb7a3d1', 'java-05-operators-and-assignments', 'Java - 05 - Operators and Assignments', '2021-02-23 18:18:42', '2021-02-23 18:18:42'),
('01313b9f-22e8-4661-a574-20884ef4e0f8', 'c-04-c-preprocessor', 'C - 04 - C Preprocessor', '2021-02-23 03:26:15', '2021-02-23 03:26:15'),
('09cb2cfc-e71e-4591-bd3e-1845b48ae436', 'c-02-objects-and-classes', 'C++ - 02 - Objects and Classes', '2021-02-23 14:42:12', '2021-02-23 14:42:12'),
('0a6b3679-a498-4d37-aebf-a5e9c6fd8043', '00-cryptography', '00 - Cryptography', NULL, '2021-02-21 10:08:01'),
('103857aa-3e19-444a-816a-d61db7df1f9e', 'fullstack', 'Full-Stack', NULL, NULL),
('16c32c78-ee06-4f29-90a6-d3ea8b1ce63f', 'mgmt', 'Management', NULL, NULL),
('1928372e-fba5-4985-ad9e-295142b12892', 'front', 'Front-End', NULL, NULL),
('241c792c-c2df-4c6b-a2c9-fa0652392a8a', 'java-07-assertions', 'Java - 07 - Assertions', '2021-02-23 18:19:12', '2021-02-23 18:19:12'),
('27eec4f0-8e46-4213-9549-add787308a36', 'bigdata', 'Big-Data', NULL, NULL),
('2b595b31-f796-4871-8a62-142f4f4113c4', 'cloud', 'Cloud', NULL, NULL),
('2ba709ad-e718-47a3-b969-634dee694b81', 'java-08-inner-classes', 'Java - 08 - Inner Classes', '2021-02-23 18:19:25', '2021-02-23 18:19:25'),
('2e4c50d1-5518-4f39-8608-a8580cce7b6f', 'java-01-exceptions', 'Java - 01 - Exceptions', '2021-02-23 18:16:19', '2021-02-23 18:16:19'),
('32b7f4a2-5e7a-4b0d-8017-d0b6388f2ac3', '01-classical-encryption-techniques-symmetric-cipher-models', '01 - Classical Encryption Techniques - Symmetric Cipher Models', '2021-02-21 10:07:28', '2021-02-21 10:08:10'),
('3723a8a1-35d1-4eeb-887e-e0406a0d151f', 'c-05-complicated-declarations', 'C - 05 - Complicated Declarations', '2021-02-23 03:26:37', '2021-02-23 03:26:37'),
('418dd337-345d-4571-9abc-87fbcc3ec603', 'c-01-oops-concepts', 'C++ - 01 - OOPS Concepts', '2021-02-23 14:41:47', '2021-02-23 14:42:22'),
('4aef7112-05d9-4eda-adc0-ed75904421e6', 'devops', 'DevOps', NULL, NULL),
('503790d5-9265-4e78-8dce-6a98ea7dcd8a', 'hr', 'HR', NULL, NULL),
('56eaa75e-9f55-46f9-9552-5033d8753f1c', 'c-05-references', 'C++ - 05 - References', '2021-02-23 14:43:12', '2021-02-23 14:43:12'),
('5b9785a3-3f37-4b7b-8dd4-d428c3334502', 'c-03-pointers', 'C - 03 - Pointers', '2021-02-23 03:26:01', '2021-02-23 03:26:01'),
('62bc4d67-d9b8-407f-8ddb-3d9b33ff1161', 'saas', 'SAAS', NULL, NULL),
('6489b2f9-44f9-4591-bd73-04960cb89165', 'cryptography', 'Cryptography', NULL, NULL),
('659cf545-6016-464c-bb4b-ce098a3e60d3', '38-public-key-crypto-systems-hash-functions-hash-functions', '38 - Public Key Crypto systems & Hash Functions - Hash Functions', '2021-02-22 12:45:19', '2021-02-22 12:45:19'),
('66d40433-4278-499c-b6db-c6485c2ccc20', 'java-03-language-fundamentals', 'Java - 03 - Language Fundamentals', '2021-02-23 18:17:32', '2021-02-23 18:17:32'),
('687818e6-54a2-4ebe-bc47-e18a3e0582dd', 'mobile', 'Mobile', NULL, NULL),
('696f989e-c404-4130-aaab-53904f29c2c5', 'c-01-array', 'C - 01 - Array', '2021-02-23 03:24:58', '2021-02-23 03:24:58'),
('6ba1717c-a6a7-4bed-8b06-582898c70884', 'back', 'Back-End', NULL, NULL),
('6dab805a-03f1-45ad-97b4-a2c376ddf6ee', 'db', 'Database', NULL, NULL),
('736099c0-a3c8-43b8-9203-de3bdc9908de', '78-wireless-network-security-its-overview-wireless-security', '78 - Wireless Network Security & its Overview - Wireless Security', '2021-02-21 19:17:51', '2021-02-21 19:17:51'),
('74767b14-f5a2-4b8a-a824-fc430e66b317', 'sha-1', 'SHA - 1', '2021-02-22 19:23:57', '2021-02-22 19:23:57'),
('7c56d9fa-cdb8-40d3-924d-8b7c00688167', 'marketing-test', 'Marketing Test', '2021-02-22 18:18:27', '2021-02-22 18:18:27'),
('884fca6b-c74c-47c6-b08d-90622059005d', 'spring-data-access', 'Spring Data Access', '2021-02-20 18:33:32', '2021-02-20 18:33:32'),
('8ad54152-fa0a-4ced-b8fa-ae9a9a3fb3f8', 'java-06-objects-and-collections', 'Java - 06 - Objects and Collections', '2021-02-23 18:19:01', '2021-02-23 18:19:01'),
('97e3960a-250a-4950-b4ee-e9add588fd0e', 'datascience', 'Data Science', NULL, NULL),
('a71eccb4-13bf-4bf7-a72d-f599b1171e76', 'java-02-garbage-collections', 'Java - 02 - Garbage Collections', '2021-02-23 18:16:48', '2021-02-23 18:16:48'),
('a755caba-53d6-4cf4-8d7f-3641a29e3689', '02-classical-encryption-techniques-transposition-techniques', '02 - Classical Encryption Techniques - Transposition Techniques', '2021-02-21 10:08:49', '2021-02-21 10:08:49'),
('b7afe183-c5da-4215-9a58-85d990a4ce2d', 'spring-aop', 'Spring AOP', NULL, NULL),
('c4d4bd7a-5b8f-492d-9b38-9cef4b367ee4', 'java-04-threads', 'Java - 04 - Threads', '2021-02-23 18:17:47', '2021-02-23 18:17:47'),
('cc0a9e44-e255-4f5e-8c9a-f6e138780c34', 'c-03-functions', 'C++ - 03 - Functions', '2021-02-23 14:42:40', '2021-02-23 14:42:40'),
('d38f3e45-9b58-426e-9b0c-f6a7663a454f', 'c-04-constructors-and-destructors', 'C++ - 04 - Constructors and Destructors', '2021-02-23 14:43:02', '2021-02-23 14:43:02'),
('d95af45c-8027-49a6-bf65-a1fe4f114a1c', 'c-02-const', 'C - 02 - Const', '2021-02-23 03:25:47', '2021-02-23 03:25:47'),
('d99cdba4-17b7-4be9-b6fe-b3cfe30e32f5', '13-aes-algorithm-1', '13 - AES Algorithm - 1', '2021-02-22 12:55:17', '2021-02-22 12:55:17'),
('e55a00de-65c5-41dd-80fe-a36db9870bc7', 'java-09-flow-control', 'Java - 09 - Flow Control', '2021-02-23 18:19:44', '2021-02-23 18:19:44'),
('e90b3ae2-1110-4319-b2b4-672917d6474a', 'qa', 'QA', NULL, NULL),
('fe7f52b6-ebfb-4928-afa1-cc3aa7b45718', 'marketing', 'Marketing', NULL, NULL);

INSERT INTO `quiz_admin_subject` (`id`, `admin_id`, `subject_id`) VALUES
('08ee1bda-e8de-4d73-ab9b-e7f3137e163f', 'f6fd71da-84d2-4dc7-b280-0342dfb09088', 'd95af45c-8027-49a6-bf65-a1fe4f114a1c'),
('0d2c2733-1952-43e3-b902-30617ed11ea9', 'f6fd71da-84d2-4dc7-b280-0342dfb09088', '241c792c-c2df-4c6b-a2c9-fa0652392a8a'),
('25b4af33-7645-4586-b9b8-aa3e227b6f31', 'f6fd71da-84d2-4dc7-b280-0342dfb09088', 'd99cdba4-17b7-4be9-b6fe-b3cfe30e32f5'),
('2808226d-36f3-4a11-b9aa-3afcd94ce49b', 'f6fd71da-84d2-4dc7-b280-0342dfb09088', 'a71eccb4-13bf-4bf7-a72d-f599b1171e76'),
('2ba86ead-4622-449d-bc96-da0f4bfa5d12', 'f6fd71da-84d2-4dc7-b280-0342dfb09088', '0a6b3679-a498-4d37-aebf-a5e9c6fd8043'),
('36958d2e-1f34-44e4-ae86-f4bbc34036a6', 'f6fd71da-84d2-4dc7-b280-0342dfb09088', '736099c0-a3c8-43b8-9203-de3bdc9908de'),
('380143f5-7d37-4f10-ac97-4e0f1704213d', 'f6fd71da-84d2-4dc7-b280-0342dfb09088', '32b7f4a2-5e7a-4b0d-8017-d0b6388f2ac3'),
('40d678b6-11fd-4a40-be89-0b1050d18997', 'f6fd71da-84d2-4dc7-b280-0342dfb09088', '418dd337-345d-4571-9abc-87fbcc3ec603'),
('41705e5a-7a05-4614-9884-9f6184e93696', 'f6fd71da-84d2-4dc7-b280-0342dfb09088', '5b9785a3-3f37-4b7b-8dd4-d428c3334502'),
('41d86a2a-35bd-45c6-90b4-4685e55911dd', 'f6fd71da-84d2-4dc7-b280-0342dfb09088', '659cf545-6016-464c-bb4b-ce098a3e60d3'),
('450cd725-b1e7-4f1f-987b-7db5e018c9a2', 'f6fd71da-84d2-4dc7-b280-0342dfb09088', '01313b9f-22e8-4661-a574-20884ef4e0f8'),
('46c1b951-52b6-4244-94da-bf7839f7567a', 'f6fd71da-84d2-4dc7-b280-0342dfb09088', '3723a8a1-35d1-4eeb-887e-e0406a0d151f'),
('52beb6bb-7ca6-4c73-9378-00685126c08f', 'f6fd71da-84d2-4dc7-b280-0342dfb09088', '2ba709ad-e718-47a3-b969-634dee694b81'),
('62be3766-73ff-4265-bd24-8e45be54adeb', 'f6fd71da-84d2-4dc7-b280-0342dfb09088', 'd38f3e45-9b58-426e-9b0c-f6a7663a454f'),
('6dc492e9-9e2c-4e61-90c4-58f35f6cf63b', 'f6fd71da-84d2-4dc7-b280-0342dfb09088', '66d40433-4278-499c-b6db-c6485c2ccc20'),
('78f30f30-58f2-412f-a255-0b3e003e3cc7', 'f6fd71da-84d2-4dc7-b280-0342dfb09088', 'cc0a9e44-e255-4f5e-8c9a-f6e138780c34'),
('7d5b69d6-3a1f-49f3-a8fb-1d8201aa8310', 'f6fd71da-84d2-4dc7-b280-0342dfb09088', 'e55a00de-65c5-41dd-80fe-a36db9870bc7'),
('7d5ef3bc-0aad-4dc3-b6c8-21364fb67c99', 'f6fd71da-84d2-4dc7-b280-0342dfb09088', '884fca6b-c74c-47c6-b08d-90622059005d'),
('8188b2cb-aea6-40f0-807b-cc1c89fab922', 'f6fd71da-84d2-4dc7-b280-0342dfb09088', 'e90b3ae2-1110-4319-b2b4-672917d6474a'),
('826a6e76-16d6-456c-b247-fb927a939d77', 'f6fd71da-84d2-4dc7-b280-0342dfb09088', '696f989e-c404-4130-aaab-53904f29c2c5'),
('925e7983-9067-4238-9ff2-fb22d9ea0946', 'f6fd71da-84d2-4dc7-b280-0342dfb09088', '74767b14-f5a2-4b8a-a824-fc430e66b317'),
('a1db26ec-cf32-4760-a372-f677ae2ee829', 'f6fd71da-84d2-4dc7-b280-0342dfb09088', '56eaa75e-9f55-46f9-9552-5033d8753f1c'),
('b1809687-1b1c-4c7d-8eef-7824bb3a9a3c', 'f6fd71da-84d2-4dc7-b280-0342dfb09088', 'a755caba-53d6-4cf4-8d7f-3641a29e3689'),
('c0027170-7ead-4481-8e83-1fb3e2ddf17c', 'f6fd71da-84d2-4dc7-b280-0342dfb09088', '2e4c50d1-5518-4f39-8608-a8580cce7b6f'),
('ceb966d8-4c22-43bc-a01a-99fe7792d681', 'f6fd71da-84d2-4dc7-b280-0342dfb09088', '00576857-89bf-4347-a472-57e2fbb7a3d1'),
('d2fc0f6a-924e-48fe-b46c-31ff1d031609', 'f6fd71da-84d2-4dc7-b280-0342dfb09088', 'b7afe183-c5da-4215-9a58-85d990a4ce2d'),
('f19f2415-ec37-42a7-a175-3910e076dd46', 'f6fd71da-84d2-4dc7-b280-0342dfb09088', 'c4d4bd7a-5b8f-492d-9b38-9cef4b367ee4'),
('f20929aa-1e05-4430-9c37-8bf024999ad5', 'f6fd71da-84d2-4dc7-b280-0342dfb09088', '09cb2cfc-e71e-4591-bd3e-1845b48ae436'),
('f5d61d26-37df-4eb8-a57e-95391b4a9cea', 'f6fd71da-84d2-4dc7-b280-0342dfb09088', '8ad54152-fa0a-4ced-b8fa-ae9a9a3fb3f8');

INSERT INTO `quiz_adminsubject_class` (`id`, `adminsubject_id`, `class_id`) VALUES
('92e9e84c-e347-4673-815e-9b0e36527f4c', 'ceb966d8-4c22-43bc-a01a-99fe7792d681', '1587cd47-c3d8-4a68-baed-110d91af8696'),
('92e9e84c-ec0a-4c2c-9988-be9b76b90793', '450cd725-b1e7-4f1f-987b-7db5e018c9a2', 'f747353d-5060-47c6-bd38-5e7f4c63f182'),
('92e9e84c-edbe-495c-bed0-cd2e4c5f75e6', 'f20929aa-1e05-4430-9c37-8bf024999ad5', 'f747353d-5060-47c6-bd38-5e7f4c63f182'),
('92e9e84c-ef83-4702-8cfd-e9b6e6c77474', '2ba86ead-4622-449d-bc96-da0f4bfa5d12', 'cd1691b1-a5c7-4fb3-953d-cc69d42a039f'),
('92e9e84c-f121-490e-8ada-7bb004bf1f26', '0d2c2733-1952-43e3-b902-30617ed11ea9', '1587cd47-c3d8-4a68-baed-110d91af8696'),
('92e9e84c-f2b7-469a-93d6-a08a676e5326', '52beb6bb-7ca6-4c73-9378-00685126c08f', '1587cd47-c3d8-4a68-baed-110d91af8696'),
('92e9e84c-f43e-4a9b-bc0e-de0d74d57592', 'c0027170-7ead-4481-8e83-1fb3e2ddf17c', '1587cd47-c3d8-4a68-baed-110d91af8696'),
('92e9e84c-f5cc-4adc-8e14-f3c10526740d', '380143f5-7d37-4f10-ac97-4e0f1704213d', 'cd1691b1-a5c7-4fb3-953d-cc69d42a039f'),
('92e9e84c-f768-4120-875e-8e301ee7513d', '46c1b951-52b6-4244-94da-bf7839f7567a', 'f747353d-5060-47c6-bd38-5e7f4c63f182'),
('92e9e84c-f901-4bcf-a750-0167c45e20c5', '40d678b6-11fd-4a40-be89-0b1050d18997', 'f747353d-5060-47c6-bd38-5e7f4c63f182'),
('92e9e84c-fa93-420c-bca3-ee383c419925', 'a1db26ec-cf32-4760-a372-f677ae2ee829', 'f747353d-5060-47c6-bd38-5e7f4c63f182'),
('92e9e84c-fc24-4dad-8993-9f0ddaafef2e', '41705e5a-7a05-4614-9884-9f6184e93696', 'f747353d-5060-47c6-bd38-5e7f4c63f182'),
('92e9e84c-fda9-4ec9-b26b-b016a42f19c6', '41d86a2a-35bd-45c6-90b4-4685e55911dd', 'cd1691b1-a5c7-4fb3-953d-cc69d42a039f'),
('92e9e84c-ff37-461e-80be-0dd1171e9f5f', '6dc492e9-9e2c-4e61-90c4-58f35f6cf63b', '1587cd47-c3d8-4a68-baed-110d91af8696'),
('92e9e84d-00c1-4d4d-a1a3-d11f9c086edb', '826a6e76-16d6-456c-b247-fb927a939d77', 'f747353d-5060-47c6-bd38-5e7f4c63f182'),
('92e9e84d-0265-402d-aafd-24d2dea20964', '36958d2e-1f34-44e4-ae86-f4bbc34036a6', 'cd1691b1-a5c7-4fb3-953d-cc69d42a039f'),
('92e9e84d-03f4-4d88-842d-31f71870ebdb', '925e7983-9067-4238-9ff2-fb22d9ea0946', 'cd1691b1-a5c7-4fb3-953d-cc69d42a039f'),
('92e9e84d-0588-469c-b755-6e83b616c8b8', '7d5ef3bc-0aad-4dc3-b6c8-21364fb67c99', '1587cd47-c3d8-4a68-baed-110d91af8696'),
('92e9e84d-070f-4080-bc8b-3d7de7956f33', 'f5d61d26-37df-4eb8-a57e-95391b4a9cea', '1587cd47-c3d8-4a68-baed-110d91af8696'),
('92e9e84d-0890-451b-96d0-4dfb42d1cf3e', '2808226d-36f3-4a11-b9aa-3afcd94ce49b', '1587cd47-c3d8-4a68-baed-110d91af8696'),
('92e9e84d-0a19-4937-892d-ca558ee6bf6a', 'b1809687-1b1c-4c7d-8eef-7824bb3a9a3c', 'cd1691b1-a5c7-4fb3-953d-cc69d42a039f'),
('92e9e84d-0ba7-40e4-8d43-e81d987e8cac', 'd2fc0f6a-924e-48fe-b46c-31ff1d031609', '1587cd47-c3d8-4a68-baed-110d91af8696'),
('92e9e84d-0d38-46d8-b70c-6b7f6d5905b7', 'f19f2415-ec37-42a7-a175-3910e076dd46', '1587cd47-c3d8-4a68-baed-110d91af8696'),
('92e9e84d-0ebc-4247-929f-d6f8022bf051', '78f30f30-58f2-412f-a255-0b3e003e3cc7', 'f747353d-5060-47c6-bd38-5e7f4c63f182'),
('92e9e84d-1053-4e9b-a615-48029c3b1867', '62be3766-73ff-4265-bd24-8e45be54adeb', 'f747353d-5060-47c6-bd38-5e7f4c63f182'),
('92e9e84d-11d5-4d97-9a28-1c2e3eab2778', '08ee1bda-e8de-4d73-ab9b-e7f3137e163f', 'f747353d-5060-47c6-bd38-5e7f4c63f182'),
('92e9e84d-135d-42aa-bb11-e658a9f9b307', '25b4af33-7645-4586-b9b8-aa3e227b6f31', 'cd1691b1-a5c7-4fb3-953d-cc69d42a039f'),
('92e9e84d-14e2-4632-a628-cd73ba253305', '7d5b69d6-3a1f-49f3-a8fb-1d8201aa8310', '1587cd47-c3d8-4a68-baed-110d91af8696'),
('92e9e84d-1677-4fd8-bcbf-36f4de303b7d', '8188b2cb-aea6-40f0-807b-cc1c89fab922', '2b197733-876d-4a00-9fba-ada8a986a610'),
('92e9e84d-1701-4f49-8d51-45bfdb181451', '8188b2cb-aea6-40f0-807b-cc1c89fab922', '810ec191-3aff-4340-b236-7e6c22015da4');

INSERT INTO `quiz_class_subject` (`id`, `class_id`, `subject_id`) VALUES
('92c73999-f6fe-4e53-ac13-b55056d2964b', 'cd1691b1-a5c7-4fb3-953d-cc69d42a039f', '0a6b3679-a498-4d37-aebf-a5e9c6fd8043'),
('92c739ac-1cb8-4594-b06f-06fa54d7ca75', 'f747353d-5060-47c6-bd38-5e7f4c63f181', 'fe7f52b6-ebfb-4928-afa1-cc3aa7b45718'),
('92c739b7-93f4-44e0-a11f-8157523cc088', '2b197733-876d-4a00-9fba-ada8a986a610', 'e90b3ae2-1110-4319-b2b4-672917d6474a'),
('92c739b7-97d1-4fd7-8f73-ddbfbbd00401', '810ec191-3aff-4340-b236-7e6c22015da4', 'e90b3ae2-1110-4319-b2b4-672917d6474a'),
('92c739c1-249a-421d-8958-403ef6cc3fe0', '1587cd47-c3d8-4a68-baed-110d91af8696', 'b7afe183-c5da-4215-9a58-85d990a4ce2d'),
('92c75d49-08d0-4370-a952-c99e72e9b133', '1587cd47-c3d8-4a68-baed-110d91af8696', '884fca6b-c74c-47c6-b08d-90622059005d'),
('92c8ab49-cae7-458f-986d-b483ccff7bf9', 'cd1691b1-a5c7-4fb3-953d-cc69d42a039f', '32b7f4a2-5e7a-4b0d-8017-d0b6388f2ac3'),
('92c8abc5-1e28-473a-820e-3fbf0efea1ca', 'cd1691b1-a5c7-4fb3-953d-cc69d42a039f', 'a755caba-53d6-4cf4-8d7f-3641a29e3689'),
('92c9701e-dd30-401f-bff1-4b75d5e566c6', 'cd1691b1-a5c7-4fb3-953d-cc69d42a039f', '736099c0-a3c8-43b8-9203-de3bdc9908de'),
('92ca5085-29ec-492f-a251-2203548732ae', 'cd1691b1-a5c7-4fb3-953d-cc69d42a039f', '659cf545-6016-464c-bb4b-ce098a3e60d3'),
('92ca5415-dbc5-45fd-9900-31ffd57bc939', 'cd1691b1-a5c7-4fb3-953d-cc69d42a039f', 'd99cdba4-17b7-4be9-b6fe-b3cfe30e32f5'),
('92cac7a7-f77e-41f3-86e8-b569be6f9eee', 'f747353d-5060-47c6-bd38-5e7f4c63f181', '7c56d9fa-cdb8-40d3-924d-8b7c00688167'),
('92cadf14-d3d0-414d-b5b8-fd6acd100c7f', 'cd1691b1-a5c7-4fb3-953d-cc69d42a039f', '74767b14-f5a2-4b8a-a824-fc430e66b317'),
('92cb8b1a-c5ac-4cb1-9f33-8a0d97b4b42c', 'f747353d-5060-47c6-bd38-5e7f4c63f182', '696f989e-c404-4130-aaab-53904f29c2c5'),
('92cb8b66-c470-41cb-aaed-bcfb85d8e681', 'f747353d-5060-47c6-bd38-5e7f4c63f182', 'd95af45c-8027-49a6-bf65-a1fe4f114a1c'),
('92cb8b7a-fc70-4b20-b4c0-2d4be6b5996f', 'f747353d-5060-47c6-bd38-5e7f4c63f182', '5b9785a3-3f37-4b7b-8dd4-d428c3334502'),
('92cb8b91-5e3d-4fe5-bca7-5422609d9d9a', 'f747353d-5060-47c6-bd38-5e7f4c63f182', '01313b9f-22e8-4661-a574-20884ef4e0f8'),
('92cb8bb2-e81d-4730-817c-ffef15a3ed07', 'f747353d-5060-47c6-bd38-5e7f4c63f182', '3723a8a1-35d1-4eeb-887e-e0406a0d151f'),
('92cc7d28-156a-4b8a-9536-76c5beb644c9', 'f747353d-5060-47c6-bd38-5e7f4c63f182', '418dd337-345d-4571-9abc-87fbcc3ec603'),
('92cc7d4d-8fea-4beb-8a30-4cf4ae314926', 'f747353d-5060-47c6-bd38-5e7f4c63f182', '09cb2cfc-e71e-4591-bd3e-1845b48ae436'),
('92cc7d78-5b1d-475e-8e39-febd855df54a', 'f747353d-5060-47c6-bd38-5e7f4c63f182', 'cc0a9e44-e255-4f5e-8c9a-f6e138780c34'),
('92cc7d99-b615-4cf0-a209-7977b9095b19', 'f747353d-5060-47c6-bd38-5e7f4c63f182', 'd38f3e45-9b58-426e-9b0c-f6a7663a454f'),
('92cc7da9-a54c-4afc-b5fd-7c41c33988c9', 'f747353d-5060-47c6-bd38-5e7f4c63f182', '56eaa75e-9f55-46f9-9552-5033d8753f1c'),
('92ccc9e0-99fd-46e0-973b-1795727dd9ff', '1587cd47-c3d8-4a68-baed-110d91af8696', '2e4c50d1-5518-4f39-8608-a8580cce7b6f'),
('92ccca0c-935c-4349-ac4b-902082f21ab1', '1587cd47-c3d8-4a68-baed-110d91af8696', 'a71eccb4-13bf-4bf7-a72d-f599b1171e76'),
('92ccca50-c0e5-4f98-a80e-5c5184aacae4', '1587cd47-c3d8-4a68-baed-110d91af8696', '66d40433-4278-499c-b6db-c6485c2ccc20'),
('92ccca67-b335-4a26-bc25-cab92a11b28c', '1587cd47-c3d8-4a68-baed-110d91af8696', 'c4d4bd7a-5b8f-492d-9b38-9cef4b367ee4'),
('92cccabb-0838-467d-b971-9c35658781a3', '1587cd47-c3d8-4a68-baed-110d91af8696', '00576857-89bf-4347-a472-57e2fbb7a3d1'),
('92cccad7-b51d-49fb-9e84-f075ed456a34', '1587cd47-c3d8-4a68-baed-110d91af8696', '8ad54152-fa0a-4ced-b8fa-ae9a9a3fb3f8'),
('92cccae9-87d9-46a9-8a23-fa962add08ed', '1587cd47-c3d8-4a68-baed-110d91af8696', '241c792c-c2df-4c6b-a2c9-fa0652392a8a'),
('92cccafc-69f4-4c4c-9e45-b6b7a3f80bb6', '1587cd47-c3d8-4a68-baed-110d91af8696', '2ba709ad-e718-47a3-b969-634dee694b81'),
('92cccb19-52ab-4197-872f-06b5ddcd5015', '1587cd47-c3d8-4a68-baed-110d91af8696', 'e55a00de-65c5-41dd-80fe-a36db9870bc7');
